{
  "$schema": "https://turbo.build/schema.json",
  "globalDependencies": [
    ".env",
    "tsconfig.json"
  ],
  "pipeline": {
    "build": {
      "dependsOn": ["^build"],
      "outputs": [".next/**", "!.next/cache/**", "dist/**"],
      "env": ["NODE_ENV", "NEXT_PUBLIC_*", "DATABASE_URL"]
    },
    "dev": {
      "cache": false,
      "persistent": true
    },
    "start": {
      "dependsOn": ["build"],
      "cache": false
    },
    "test": {
      "dependsOn": ["^build"],
      "inputs": ["src/**/*.ts", "src/**/*.tsx", "test/**/*.ts", "test/**/*.tsx"],
      "outputs": ["coverage/**"],
      "env": ["CI", "NODE_ENV", "TEST_*"]
    },
    "lint": {
      "outputs": []
    },
    "typecheck": {
      "outputs": []
    }
  },
  "globalEnv": ["NODE_ENV", "CI"]
}
